A;A;VETERINARIO;A
A;A;DISEÑADOR DE EVENTOS;A
a;a;GUIA;a
a;a;DISEÑADOR DE EVENTOS;a
a;a;GUIA;a
fdadf;dfa;GUIA;df
a;a;GUARDIA DE SEGURIDAD;a
a;a;DISEÑADOR DE EVENTOS;a
a;aa;CUIDADOR;a
aa;a;VETERINARIO;a
a;a;ADMINISTRADOR;a
a;a;ADMINISTRADOR;a
a;a;DISEÑADOR DE EVENTOS;a
a;a;DISEÑADOR DE EVENTOS;a
a;a;GUIA;a
sa;a;VETERINARIO;a
a;a;LIMPIEZA;a
aa;a;TAQUILLERO;a
a;a;VETERINARIO;a
a;a;ADMINISTRADOR;a
a;s;ADMINISTRADOR;s
a;a;ADMINISTRADOR;a
a;a;ADMINISTRADOR;a
a;a;ADMINISTRADOR;a
a;a;ADMINISTRADOR;a
a;a;ADMINISTRADOR;a
aaaa;a;ADMINISTRADOR;aa
a;a;ADMINISTRADOR;a
aa;a;ADMINISTRADOR;a
a;a;ADMINISTRADOR;a
a;a;ADMINISTRADOR;a
a;a;ADMINISTRADOR;a
dasff;asdf;ADMINISTRADOR;d
adf;asdf;ADMINISTRADOR;afd
a;a;ADMINISTRADOR;a
a;a;ADMINISTRADOR;a
a;a;ADMINISTRADOR;a
a;a;ADMINISTRADOR;a
a;wef;ADMINISTRADOR;adaf
a;a;ADMINISTRADOR;a
a;a;ADMINISTRADOR;a
a;d;ADMINISTRADOR;a
dasf;adsf;ADMINISTRADOR;daf
ADSF;ASDF;ADMINISTRADOR;SDAF
ADSF;ASFD;ADMINISTRADOR;ASDF
afsd;adf;ADMINISTRADOR;df
dasf;asdf;ADMINISTRADOR;asdf
asdfdfasdasf;fdas;ADMINISTRADOR;dfs
asdf;adf;ADMINISTRADOR;fd
adsf;asdf;ADMINISTRADOR;adsf
adfasf;dasfasdf;ADMINISTRADOR;sda
asdf;adfs;ADMINISTRADOR;afsd
dasf;adsfasdf;ADMINISTRADOR;asdf
adfs;asdf;ADMINISTRADOR;asdf
ffdf;dfd;ADMINISTRADOR;dfdf
asdf;dasfsaf;ADMINISTRADOR;dsafasdf
dasf;dfas;ADMINISTRADOR;fdsaf
asdf;adsf;ADMINISTRADOR;asdf
asdfa;dfa;ADMINISTRADOR;fda
asdf;dasf;ADMINISTRADOR;asdf
asdf;afsd;ADMINISTRADOR;fdas
asdfas;fasdf;ADMINISTRADOR;fdasf
asdfasf;adsf;ADMINISTRADOR;asdf
a;Bilintx;ADMINISTRADOR;a
adsf;asdffads;DISEÑADOR DE EVENTOS;asfasf
dfasdfasd;asdfggdfas;LIMPIEZA;fsdafs
asdfasdfasdf;asdf;VETERINARIO;sdaf
dasf;adsf;GUIA;safdf
asfdasfdas;adf;ADMINISTRADOR;fasdf
asdf;asdfas;DISEÑADOR DE EVENTOS;fdas
asdf;afd;GUARDIA DE SEGURIDAD;asdfad
asdfas;adsf;GUARDIA DE SEGURIDAD;fasdf
c;c;GUARDIA DE SEGURIDAD;c
d;d;GUARDIA DE SEGURIDAD;d
a;a;GUARDIA DE SEGURIDAD;a
a;a;LIMPIEZA;a
a;a;VETERINARIO;a
a;a;VETERINARIO;a
asdf;asdf;GUIA;asdf
adfs;asdf;ADMINISTRADOR;dfas
dasfdsaf;asdfsdaf;DISEÑADOR DE EVENTOS;dsafdf
asdf;fads;TAQUILLERO;asdf
asdf;dasf;GUARDIA DE SEGURIDAD;asdfs
